Continent,Life_Expectancy,Undernourishment,CO2,Health_Expenditure,Education_Expenditure,Unemployment,Corruption,Sanitation,Injuries,Communicable,NonCommunicable
Africa,58.944123077142855,20.093128655305556,19047.261046289797,5.468989958354167,4.119734821822222,9.225025218833332,2.687745700135135,19.912167498913043,698902.3921466327,7752822.450520327,2934539.7915406125
Asia,72.16885185432433,9.642275043,366841.4211912919,4.90944055054054,3.7678061668108107,5.567466577486487,2.838888888888889,56.408552750400005,3790761.679177865,10495044.12651973,20982260.346837565
Europe,77.62401190916665,2.7765413534,107591.90593853784,7.87076157351282,4.901204463216216,9.928786538499999,2.85833333325,73.81597164736843,461168.4983257282,223259.1126224231,4108653.2737504616
North America,74.4959181940909,11.160990712235293,338644.7664102263,6.94016685631579,4.9166079416363635,6.909925699235295,3.2266666668,56.619252001250004,870592.6933659546,765241.7591215909,5769932.458227273
Oceania,71.37301412090909,8.3789473695,32146.315714139077,8.367021613538462,7.617451227923078,4.256859649,3.317708333375,42.475052227666666,78552.30897415,142664.65565005,479813.9848463125
South America,73.37662679454546,8.670334928545454,73112.63143236363,6.542896089545454,4.753168306454546,7.702354068727273,3.1545454545,40.18244268555556,1497303.410298182,1762202.937159091,6482166.337554544
